{
  "mm": {
    "cm": 0.01,
    "m": 0.000001,
    "in": 0.00155,
    "ft": 0.000011,
    "yd": 0.000001
  },
  "cm": {
    "mm": 100,
    "m": 0.0001,
    "in": 0.155,
    "ft": 0.001076,
    "yd": 0.00012
    },
    "m": {
      "mm": 1000000,
      "cm": 10000,
      "in": 1550.003,
      "ft": 10.76391,
      "yd": 1.19599
    },
    "in": {
      "mm": 645.16,
      "cm": 6.4516,
      "m": 0.000645,
      "ft": 0.006944,
      "yd": 0.000772
    },
    "ft": {
      "mm": 92903,
      "cm": 929.0304,
      "m": 0.092903,
      "in": 144,
      "yd": 0.111111
    },
    "yd": {
      "mm": 836127,
      "cm": 8361.274,
      "m": 0.836127,
      "in": 1296,
      "ft": 9
    }
}