{
  "mm": {
    "cm": 0.01,
    "m": 0.001,
    "km": 0.000001,
    "in": 0.03937,
    "ft": 0.003281,
    "yd": 0.001094,
    "mi": 6.21e-07
  },
  "cm": {
    "mm": 10,
    "m": 0.01,
    "km": 0.00001,
    "in": 0.393701,
    "ft": 0.032808,
    "yd": 0.010936,
    "mi": 0.000006
  },
  "m": {
    "mm": 1000,
    "cm": 100,
    "km": 0.001,
    "in": 39.37008,
    "ft": 3.28084,
    "yd": 1.093613,
    "mi": 0.000621
  },
  "km": {
    "mm": 1000000,
    "cm": 100000,
    "m": 1000,
    "in": 39370.08,
    "ft": 3280.84,
    "yd": 1093.613,
    "mi": 0.621371
  }
}